council,type,all,foi,eir,online,granted,in_time,ir,ir_original_upheld,ico,ico_original_upheld,vex,granted_p,in_time_p,ir_p,ir_original_upheld_p,ico_p,ico_original_upheld_p,vex_p,wdtk_count,wdtk_calendar,wdtk_count_prior,wdtk_calendar_prior,wdtk_id,wdtk_url
Allerdale District Council,Calendar,728,-,-,-,427,682,2,1,1,-,0,58.65,93.68,0.27,0.14,0.14,0.14,0,29,29,256,256,42,https://www.whatdotheyknow.com/alaveteli_pro/info_requests/foi_statistics_for_2017_29
Amber Valley Borough Council,Calendar,713,-,-,-,549,713,4,4,1,1,0,77,100,0.56,0.56,0.14,0.14,0,39,39,214,214,44,https://www.whatdotheyknow.com/alaveteli_pro/info_requests/foi_statistics_for_2017_3
Antrim and Newtownabbey District Council,Calendar,364,292,72,-,212,338,15,11,1,0,0,58.24,92.86,4.12,3.02,0.27,0,0,18,18,31,31,54905,https://www.whatdotheyknow.com/alaveteli_pro/info_requests/foi_statistics_for_2017_30
Ards and North Down Borough Council,Financial,687,-,-,-,296,643,11,10,9,-,0,43.09,93.6,1.6,1.46,1.31,1.31,0,14,21,48,41,54914,https://www.whatdotheyknow.com/alaveteli_pro/info_requests/foi_statistics_for_2017_31
Arun District Council,Financial,764,-,-,-,-,726,13,10,1,-,0,0,95.03,1.7,1.31,0.13,0.13,0,51,70,332,313,50,https://www.whatdotheyknow.com/alaveteli_pro/info_requests/foi_statistics_for_2017_33
Ashfield District Council,Calendar,680,599,81,-,482,680,2,1,0,0,0,70.88,100,0.29,0.15,0,0,0,31,31,211,211,51,https://www.whatdotheyknow.com/alaveteli_pro/info_requests/foi_statistics_for_2017_34
Ashford Borough Council,Calendar,816,799,17,-,-,701,5,-,0,0,-,0,85.91,0.61,0.61,0,0,0,48,48,260,260,52,https://www.whatdotheyknow.com/alaveteli_pro/info_requests/foi_statistics_for_2017_35
Babergh District Council,Financial,663,-,-,-,634,563,5,4,2,2,0,95.63,84.92,0.75,0.6,0.3,0.3,0,24,35,169,158,54,https://www.whatdotheyknow.com/alaveteli_pro/info_requests/foi_statistics_for_2017_37
Barnet Borough Council,Financial,1731,-,-,https://open.barnet.gov.uk/dataset/freedom-of-information-requests---2017-18,806,577,64,23,6,-,0,46.56,33.33,3.7,1.33,0.35,0.35,0,95,131,1159,1123,59,https://www.whatdotheyknow.com/alaveteli_pro/info_requests/foi_statistics_for_2017_39
Barnsley Metropolitan Borough Council,Financial,1145,-,-,-,-,871,21,15,5,-,4,0,76.07,1.83,1.31,0.44,0.44,0.35,136,181,661,614,60,https://www.whatdotheyknow.com/alaveteli_pro/info_requests/foi_statistics_for_2017_40
Barrow in Furness Borough Council,Calendar,833,-,-,-,779,777,3,0,0,-,0,93.52,93.28,0.36,0,0,0,0,33,33,206,206,61,https://www.whatdotheyknow.com/alaveteli_pro/info_requests/foi_statistics_for_2017_41
Basildon Borough Council,Calendar,721,-,-,-,427,690,-,-,-,-,-,59.22,95.7,95.7,95.7,95.7,95.7,95.7,53,53,315,315,62,https://www.whatdotheyknow.com/alaveteli_pro/info_requests/foi_statistics_for_2017_42
Basingstoke and Deane Borough Council,Calendar,408,-,-,-,-,362,5,3,1,-,1,95.7,88.73,1.23,0.74,0.25,0.25,0.25,35,35,203,203,63,https://www.whatdotheyknow.com/alaveteli_pro/info_requests/foi_statistics_for_2017_43
Bassetlaw District Council,Calendar,502,-,-,-,-,446,3,2,1,-,22,0.25,88.84,0.6,0.4,0.2,0.2,4.38,29,29,213,213,64,https://www.whatdotheyknow.com/alaveteli_pro/info_requests/foi_statistics_for_2017_44
Bath and North East Somerset Council,Calendar,1336,-,-,-,-,-,40,39,5,-,-,4.38,4.38,2.99,2.92,0.37,0.37,0.37,130,130,669,669,65,https://www.whatdotheyknow.com/alaveteli_pro/info_requests/foi_statistics_for_2017_45
Bedford Borough Council,Calendar,1624,-,-,-,1337,-,18,15,1,1,0,82.33,82.33,1.11,0.92,0.06,0.06,0,75,75,474,474,66,https://www.whatdotheyknow.com/alaveteli_pro/info_requests/foi_statistics_for_2017_46
Belfast City Council,Calendar,817,-,-,-,-,-,23,13,4,-,2,0,0,2.82,1.59,0.49,0.49,0.24,39,39,336,336,68,https://www.whatdotheyknow.com/alaveteli_pro/info_requests/foi_statistics_for_2017_47
Bexley Borough Council,Calendar,1562,-,-,-,1091,1260,19,6,2,0,-,69.85,80.67,1.22,0.38,0.13,0,0,136,136,798,798,70,https://www.whatdotheyknow.com/alaveteli_pro/info_requests/foi_statistics_for_2017_48
Birmingham City Council,Calendar,2051,-,-,-,-,1655,37,16,5,-,0,0,80.69,1.8,0.78,0.24,0.24,0,281,281,1810,1810,71,https://www.whatdotheyknow.com/alaveteli_pro/info_requests/foi_statistics_for_2017_24
Blaby District Council,Calendar,1918,-,-,http://www.blaby.gov.uk/about-the-council/data-protection/freedom-of-information/,1611,624,4,2,0,0,0,83.99,32.53,0.21,0.1,0,0,0,22,22,151,151,72,https://www.whatdotheyknow.com/alaveteli_pro/info_requests/foi_statistics_for_2017_49
Blackburn with Darwen Borough Council,Calendar,1205,-,-,-,1070,1114,10,7,0,0,6,88.8,92.45,0.83,0.58,0,0,0.5,80,80,611,611,73,https://www.whatdotheyknow.com/alaveteli_pro/info_requests/foi_statistics_for_2017_50
Blaenau Gwent County Borough Council,Financial,860,-,-,-,-,774,2,2,1,-,0,0.5,90,0.23,0.23,0.12,0.12,0,38,50,358,346,75,https://www.whatdotheyknow.com/alaveteli_pro/info_requests/foi_statistics_for_2017_52
Bolsover District Council,Calendar,536,-,-,-,247,524,6,2,0,0,0,46.08,97.76,1.12,0.37,0,0,0,23,23,195,195,77,https://www.whatdotheyknow.com/alaveteli_pro/info_requests/foi_statistics_for_2017_53
Bolton Metropolitan Borough Council,Calendar,1492,-,-,-,-,1272,-,-,-,-,-,0,85.25,85.25,85.25,85.25,85.25,85.25,185,185,870,870,78,https://www.whatdotheyknow.com/alaveteli_pro/info_requests/foi_statistics_for_2017_54
Boston Borough Council,Financial,1322,-,-,-,1311,1290,4,1,0,0,2,99.17,97.58,0.3,0.08,0,0,0.15,18,27,172,163,79,https://www.whatdotheyknow.com/alaveteli_pro/info_requests/foi_statistics_for_2017_55
Bournemouth Borough Council,Calendar,1082,1045,37,-,-,933,21,16,11,-,9,0.15,86.23,1.94,1.48,1.02,1.02,0.83,103,103,603,603,80,https://www.whatdotheyknow.com/alaveteli_pro/info_requests/foi_statistics_for_2017_56
Bracknell Forest Borough Council,Financial,1146,-,-,-,940,943,7,5,1,0,0,82.02,82.29,0.61,0.44,0.09,0,0,68,85,487,470,81,https://www.whatdotheyknow.com/alaveteli_pro/info_requests/foi_statistics_for_2017_57
Bradford City Council,Calendar,1686,1495,191,-,-,1194,-,-,6,3,-,0,70.82,70.82,70.82,0.36,0.18,0.18,120,120,926,926,82,https://www.whatdotheyknow.com/alaveteli_pro/info_requests/foi_statistics_for_2017_58
Braintree District Council,Financial,690,-,-,-,673,687,6,3,0,0,0,97.54,99.57,0.87,0.43,0,0,0,19,30,207,196,83,https://www.whatdotheyknow.com/alaveteli_pro/info_requests/foi_statistics_for_2017_59
Brent Borough Council,Calendar,1761,-,-,-,1245,1647,18,-,-,-,2,70.7,93.53,1.02,1.02,1.02,1.02,0.11,151,151,1088,1088,85,https://www.whatdotheyknow.com/alaveteli_pro/info_requests/foi_statistics_for_2017_21
Brentwood Borough Council,Calendar,1068,-,-,-,-,950,-,3,2,1,0,0.11,88.95,88.95,0.28,0.19,0.09,0,36,36,207,207,86,https://www.whatdotheyknow.com/alaveteli_pro/info_requests/foi_statistics_for_2017_61
Brighton and Hove City Council,Calendar,1784,-,-,-,1575,1010,41,-,12,-,1,88.28,56.61,2.3,2.3,0.67,0.67,0.06,240,240,3628,3628,89,https://www.whatdotheyknow.com/alaveteli_pro/info_requests/foi_statistics_for_2017_63
Bristol City Council,Calendar,1935,-,-,-,1880,1167,50,2,-,-,0,97.16,60.31,2.58,0.1,0.1,0.1,0,156,156,1487,1487,90,https://www.whatdotheyknow.com/alaveteli_pro/info_requests/foi_statistics_for_2017_64
Broadland District Council,Calendar,660,-,-,-,-,-,-,-,-,0,0,0,0,0,0,0,0,0,24,24,141,141,91,https://www.whatdotheyknow.com/alaveteli_pro/info_requests/foi_statistics_for_2017_65
Bromley Borough Council,Calendar,1627,-,-,-,-,1043,12,7,6,3,0,0,64.11,0.74,0.43,0.37,0.18,0,129,129,757,757,92,https://www.whatdotheyknow.com/alaveteli_pro/info_requests/foi_statistics_for_2017_66
Bromsgrove District Council,Financial,606,-,-,-,-,-,8,-,2,-,0,0,0,1.32,1.32,0.33,0.33,0,20,28,180,171,93,https://www.whatdotheyknow.com/alaveteli_pro/info_requests/foi_statistics_for_2017_67
Broxbourne Borough Council,Calendar,725,-,-,-,-,690,0,-,-,-,0,0,95.17,0,0,0,0,0,32,32,162,162,94,https://www.whatdotheyknow.com/alaveteli_pro/info_requests/foi_statistics_for_2017_68
Broxtowe Borough Council,Financial,775,-,-,-,768,735,2,0,2,-,0,99.1,94.84,0.26,0,0.26,0.26,0,21,34,208,195,95,https://www.whatdotheyknow.com/alaveteli_pro/info_requests/foi_statistics_for_2017_69
Buckinghamshire County Council,Calendar,1535,-,-,-,763,1397,11,3,1,-,0,49.71,91.01,0.72,0.2,0.07,0.07,0,123,123,632,632,96,https://www.whatdotheyknow.com/alaveteli_pro/info_requests/foi_statistics_for_2017_70
Burnley Borough Council,Calendar,649,-,-,-,-,525,2,0,0,0,0,0,80.89,0.31,0,0,0,0,38,38,254,254,97,https://www.whatdotheyknow.com/alaveteli_pro/info_requests/foi_statistics_for_2017_71
Bury Metropolitan Borough Council,Calendar,1096,-,-,-,1087,953,-,-,-,-,-,99.18,86.95,86.95,86.95,86.95,86.95,86.95,103,103,679,679,98,https://www.whatdotheyknow.com/alaveteli_pro/info_requests/foi_statistics_for_2017_72
Caerphilly County Borough Council,Calendar,1219,-,-,http://www.democracy.caerphilly.gov.uk/documents/s24861/Information%20Governance%20Update%202017-2018.pdf?LLL=0,1011,-,-,-,0,0,-,82.94,82.94,82.94,82.94,0,0,0,65,65,339,339,99,https://www.whatdotheyknow.com/alaveteli_pro/info_requests/foi_statistics_for_2017_73
Calderdale Metropolitan Borough Council,Calendar,1278,-,-,-,-,1254,10,5,4,4,3,0,98.12,0.78,0.39,0.31,0.31,0.23,121,121,691,691,100,https://www.whatdotheyknow.com/alaveteli_pro/info_requests/foi_statistics_for_2017_74
Cambridge City Council,Calendar,757,-,-,-,-,668,-,-,-,-,0,0.23,88.24,88.24,88.24,88.24,88.24,0,66,66,447,447,101,https://www.whatdotheyknow.com/alaveteli_pro/info_requests/foi_statistics_for_2017_75
Cambridgeshire County Council,Financial,1162,-,-,http://opendata.cambridgeshireinsight.org.uk/dataset/freedom-information-foi-cambridgeshire-county-council/resource/dd024788-480d-4556-9544,635,1044,25,-,5,-,4,54.65,89.85,2.15,2.15,0.43,0.43,0.34,94,126,875,843,102,https://www.whatdotheyknow.com/alaveteli_pro/info_requests/foi_statistics_for_2017_76
Camden Borough Council,Financial,1893,-,-,-,-,1543,34,13,2,1,-,0.34,81.51,1.8,0.69,0.11,0.05,0.05,119,159,1494,1452,103,https://www.whatdotheyknow.com/alaveteli_pro/info_requests/foi_statistics_for_2017_77
Cannock Chase District Council,Calendar,858,-,-,-,-,793,2,1,1,-,0,0.05,92.42,0.23,0.12,0.12,0.12,0,23,23,171,171,104,https://www.whatdotheyknow.com/alaveteli_pro/info_requests/foi_statistics_for_2017_78
Canterbury City Council,Calendar,1008,-,-,-,627,966,16,11,2,2,-,62.2,95.83,1.59,1.09,0.2,0.2,0.2,62,62,262,262,105,https://www.whatdotheyknow.com/alaveteli_pro/info_requests/foi_statistics_for_2017_79
Cardiff Council,Financial,1688,-,-,-,932,1430,30,20,12,-,0,55.21,84.72,1.78,1.18,0.71,0.71,0,81,109,783,755,107,https://www.whatdotheyknow.com/alaveteli_pro/info_requests/foi_statistics_for_2017_80
Carlisle City Council,Calendar,724,-,-,-,448,590,3,-,1,1,0,61.88,81.49,0.41,0.41,0.14,0.14,0,36,36,201,201,108,https://www.whatdotheyknow.com/alaveteli_pro/info_requests/foi_statistics_for_2017_2
Carmarthenshire Council,Calendar,1235,-,-,-,615,1062,23,10,5,2,5,49.8,85.99,1.86,0.81,0.4,0.16,0.4,90,90,447,447,109,https://www.whatdotheyknow.com/alaveteli_pro/info_requests/foi_statistics_for_2017_81
Causeway Coast and Glens Borough Council,Calendar,612,-,-,-,-,-,-,-,-,-,-,0.4,0.4,0.4,0.4,0.4,0.4,0.4,20,20,19,19,54907,https://www.whatdotheyknow.com/alaveteli_pro/info_requests/foi_statistics_for_2017_83
Central Bedfordshire Council,Financial,1494,-,-,-,1273,1467,11,5,3,2,1,85.21,98.19,0.74,0.33,0.2,0.13,0.07,66,80,622,608,4311,https://www.whatdotheyknow.com/alaveteli_pro/info_requests/foi_statistics_for_2017_84
Ceredigion Council,Financial,1062,-,-,-,973,897,21,7,5,-,-,91.62,84.46,1.98,0.66,0.47,0.47,0.47,53,68,377,362,115,https://www.whatdotheyknow.com/alaveteli_pro/info_requests/foi_statistics_for_2017_85
Charnwood Borough Council,Calendar,1247,721,526,-,677,713,1,0,0,0,0,54.29,57.18,0.08,0,0,0,0,27,27,161,161,116,https://www.whatdotheyknow.com/alaveteli_pro/info_requests/foi_statistics_for_2017_86
Chelmsford City Council,Financial,819,-,-,-,-,-,3,1,0,0,0,0,0,0.37,0.12,0,0,0,35,49,290,276,117,https://www.whatdotheyknow.com/alaveteli_pro/info_requests/foi_statistics_for_2017_87
Cheltenham Borough Council,Calendar,704,-,-,-,-,-,0,0,0,0,0,0,0,0,0,0,0,0,29,29,172,172,118,https://www.whatdotheyknow.com/alaveteli_pro/info_requests/foi_statistics_for_2017_88
Cherwell District Council,Calendar,557,-,-,-,-,-,-,-,-,-,0,0,0,0,0,0,0,0,30,30,140,140,119,https://www.whatdotheyknow.com/alaveteli_pro/info_requests/foi_statistics_for_2017_89
Cheshire East Council,Calendar,1643,-,-,-,1129,-,64,-,11,-,2,68.72,68.72,3.9,3.9,0.67,0.67,0.12,125,125,774,774,4305,https://www.whatdotheyknow.com/alaveteli_pro/info_requests/foi_statistics_for_2017_90
Cheshire West and Chester Council,Financial,1245,-,-,http://inside.cheshirewestandchester.gov.uk/find_out_more/freedom_of_information/disclosure_log,701,1059,30,10,2,0,1,56.31,85.06,2.41,0.8,0.16,0,0.08,85,116,1090,1057,4306,https://www.whatdotheyknow.com/alaveteli_pro/info_requests/foi_statistics_for_2017_91
Chesterfield Borough Council,Financial,648,-,-,-,482,566,7,-,0,0,0,74.38,87.35,1.08,1.08,0,0,0,19,29,185,175,123,https://www.whatdotheyknow.com/alaveteli_pro/info_requests/foi_statistics_for_2017_92
Chichester District Council,Calendar,605,-,-,-,-,-,4,4,0,0,0,0,0,0.66,0.66,0,0,0,30,30,185,185,124,https://www.whatdotheyknow.com/alaveteli_pro/info_requests/foi_statistics_for_2017_93
Chiltern District Council,Financial,545,-,-,-,-,508,-,-,-,-,0,0,93.21,93.21,93.21,93.21,93.21,0,19,24,146,142,125,https://www.whatdotheyknow.com/alaveteli_pro/info_requests/foi_statistics_for_2017_94
Chorley Borough Council,Calendar,678,-,-,-,400,637,1,1,1,1,-,59,93.95,0.15,0.15,0.15,0.15,0.15,46,46,307,307,126,https://www.whatdotheyknow.com/alaveteli_pro/info_requests/foi_statistics_for_2017_95
Christchurch Borough Council,Calendar,743,-,-,-,712,661,2,2,3,1,0,95.83,88.96,0.27,0.27,0.4,0.13,0,31,31,146,146,127,https://www.whatdotheyknow.com/alaveteli_pro/info_requests/foi_statistics_for_2017_96
City of London Corporation,Calendar,1331,1314,17,https://www.cityoflondon.gov.uk/about-the-city/access-to-information/Pages/freedom-of-information.aspx,957,1286,14,-,5,-,-,71.9,96.62,1.05,1.05,0.38,0.38,0.38,60,60,420,420,128,https://www.whatdotheyknow.com/alaveteli_pro/info_requests/foi_statistics_for_2017_97
Colchester Borough Council,Calendar,639,-,-,-,505,618,4,4,2,1,1,79.03,96.71,0.63,0.63,0.31,0.16,0.16,72,72,292,292,131,https://www.whatdotheyknow.com/alaveteli_pro/info_requests/foi_statistics_for_2017_99
Conwy County Borough Council,Calendar,1157,-,-,-,966,838,1,1,0,0,2,83.49,72.43,0.09,0.09,0,0,0.17,75,75,554,554,135,https://www.whatdotheyknow.com/alaveteli_pro/info_requests/foi_statistics_for_2017_100
Copeland Borough Council,Calendar,709,-,-,-,684,602,5,5,3,-,0,96.47,84.91,0.71,0.71,0.42,0.42,0,65,65,212,212,137,https://www.whatdotheyknow.com/alaveteli_pro/info_requests/foi_statistics_for_2017_101
Corby Borough Council,Financial,776,-,-,-,-,-,0,-,0,0,-,0,0,0,0,0,0,0,16,21,163,158,138,https://www.whatdotheyknow.com/alaveteli_pro/info_requests/foi_statistics_for_2017_102
Cornwall Council,Financial,1773,-,-,-,1230,1642,49,-,3,-,4,69.37,92.61,2.76,2.76,0.17,0.17,0.23,68,117,898,849,139,https://www.whatdotheyknow.com/alaveteli_pro/info_requests/foi_statistics_for_2017_103
Cotswold District Council,Financial,689,-,-,-,-,613,4,2,0,0,0,0.23,88.97,0.58,0.29,0,0,0,22,27,164,159,140,https://www.whatdotheyknow.com/alaveteli_pro/info_requests/foi_statistics_for_2017_104
Council of the Isles of Scilly,Calendar,758,-,-,-,-,565,-,-,0,-,0,0,74.54,74.54,74.54,0,0,0,32,32,209,209,224,https://www.whatdotheyknow.com/alaveteli_pro/info_requests/foi_statistics_for_2017_105
Coventry City Council,Financial,1471,-,-,-,-,1069,39,-,6,0,-,0,72.67,2.65,2.65,0.41,0,0,90,122,776,742,141,https://www.whatdotheyknow.com/alaveteli_pro/info_requests/foi_statistics_for_2017_106
Craven District Council,Financial,699,-,-,-,-,679,5,4,-,-,-,0,97.14,0.72,0.57,0.57,0.57,0.57,20,32,167,154,143,https://www.whatdotheyknow.com/alaveteli_pro/info_requests/foi_statistics_for_2017_107
Crawley Borough Council,Financial,738,710,28,-,-,658,6,2,-,-,0,0.57,89.16,0.81,0.27,0.27,0.27,0,39,68,240,211,144,https://www.whatdotheyknow.com/alaveteli_pro/info_requests/foi_statistics_for_2017_108
Croydon Borough Council,Financial,1882,-,-,-,1620,1291,55,-,-,-,-,86.08,68.6,2.92,2.92,2.92,2.92,2.92,158,227,1268,1197,146,https://www.whatdotheyknow.com/alaveteli_pro/info_requests/foi_statistics_for_2017_18
Cumbria County Council,Financial,1337,-,-,-,940,1097,33,15,8,2,3,70.31,82.05,2.47,1.12,0.6,0.15,0.22,66,89,628,603,147,https://www.whatdotheyknow.com/alaveteli_pro/info_requests/foi_statistics_for_2017_109
Dacorum Borough Council,Financial,689,-,-,-,-,680,3,0,1,1,0,0.22,98.69,0.44,0,0.15,0.15,0,23,32,188,178,148,https://www.whatdotheyknow.com/alaveteli_pro/info_requests/foi_statistics_for_2017_110
Darlington Borough Council,Calendar,1140,-,-,-,739,596,42,-,2,2,0,64.82,52.28,3.68,3.68,0.18,0.18,0,82,82,589,589,149,https://www.whatdotheyknow.com/alaveteli_pro/info_requests/foi_statistics_for_2017_111
Daventry District Council,Financial,594,-,-,-,422,573,2,1,0,0,0,71.04,96.46,0.34,0.17,0,0,0,23,27,134,129,151,https://www.whatdotheyknow.com/alaveteli_pro/info_requests/foi_statistics_for_2017_113
Denbighshire Council,Calendar,1052,-,-,-,656,991,14,-,0,0,9,62.36,94.2,1.33,1.33,0,0,0.86,70,70,454,454,152,https://www.whatdotheyknow.com/alaveteli_pro/info_requests/foi_statistics_for_2017_114
Derby City Council,Financial,1308,-,-,-,875,1050,-,-,0,0,1,66.9,80.28,80.28,80.28,0,0,0.08,71,104,671,637,153,https://www.whatdotheyknow.com/alaveteli_pro/info_requests/foi_statistics_for_2017_115
Derbyshire County Council,Calendar,1049,-,-,-,-,-,-,-,-,-,-,0.08,0.08,0.08,0.08,0.08,0.08,0.08,133,133,795,795,154,https://www.whatdotheyknow.com/alaveteli_pro/info_requests/foi_statistics_for_2017_116
Derbyshire Dales District Council,Calendar,691,687,4,-,-,597,2,2,0,-,0,0.08,86.4,0.29,0.29,0,0,0,22,22,147,147,155,https://www.whatdotheyknow.com/alaveteli_pro/info_requests/foi_statistics_for_2017_117
Derry City and Strabane District Council,Financial,294,163,131,-,228,261,9,5,0,-,0,77.55,88.78,3.06,1.7,0,0,0,11,13,32,30,54908,https://www.whatdotheyknow.com/alaveteli_pro/info_requests/foi_statistics_for_2017_118
Devon County Council,Calendar,1298,-,-,-,707,981,35,-,-,-,0,54.47,75.58,2.7,2.7,2.7,2.7,0,107,107,946,946,157,https://www.whatdotheyknow.com/alaveteli_pro/info_requests/foi_statistics_for_2017_119
Doncaster Borough Council,Financial,1302,-,-,-,883,1217,17,-,9,-,3,67.82,93.47,1.31,1.31,0.69,0.69,0.23,67,91,675,650,158,https://www.whatdotheyknow.com/alaveteli_pro/info_requests/foi_statistics_for_2017_120
Dover District Council,Calendar,987,-,-,-,-,971,7,7,1,1,0,0.23,98.38,0.71,0.71,0.1,0.1,0,30,30,203,203,160,https://www.whatdotheyknow.com/alaveteli_pro/info_requests/foi_statistics_for_2017_122
Dudley Council,Calendar,1358,-,-,-,931,1247,16,6,0,0,3,68.56,91.83,1.18,0.44,0,0,0.22,112,112,640,640,161,https://www.whatdotheyknow.com/alaveteli_pro/info_requests/foi_statistics_for_2017_4
Ealing Borough Council,Calendar,1878,-,-,-,-,1689,13,12,2,2,0,0.22,89.94,0.69,0.64,0.11,0.11,0,123,123,831,831,166,https://www.whatdotheyknow.com/alaveteli_pro/info_requests/foi_statistics_for_2017_124
East Cambridgeshire District Council,Financial,514,-,-,-,481,484,0,0,0,0,0,93.58,94.16,0,0,0,0,0,15,21,156,150,169,https://www.whatdotheyknow.com/alaveteli_pro/info_requests/foi_statistics_for_2017_126
East Devon District Council,Financial,1418,-,-,-,631,631,6,5,0,-,0,44.5,44.5,0.42,0.35,0,0,0,34,53,453,434,170,https://www.whatdotheyknow.com/request/foi_statistics_for_2017_127#comment-84570
East Dorset District Council,Calendar,743,-,-,-,712,661,2,2,3,1,0,95.83,88.96,0.27,0.27,0.4,0.13,0,26,26,140,140,171,https://www.whatdotheyknow.com/alaveteli_pro/info_requests/foi_statistics_for_2017_128
East Hampshire District Council,Calendar,748,-,-,-,-,716,7,3,0,0,0,0,95.72,0.94,0.4,0,0,0,37,37,190,190,173,https://www.whatdotheyknow.com/alaveteli_pro/info_requests/foi_statistics_for_2017_129
East Hertfordshire District Council,Calendar,628,-,-,-,424,566,3,2,0,0,0,67.52,90.13,0.48,0.32,0,0,0,26,26,151,151,174,https://www.whatdotheyknow.com/alaveteli_pro/info_requests/foi_statistics_for_2017_130
East Lindsey District Council,Financial,749,-,-,-,406,736,7,-,2,-,0,54.21,98.26,0.93,0.93,0.27,0.27,0,24,31,173,166,175,https://www.whatdotheyknow.com/alaveteli_pro/info_requests/foi_statistics_for_2017_132
East Northamptonshire District Council,Calendar,625,-,-,-,466,594,3,3,0,0,-,74.56,95.04,0.48,0.48,0,0,0,20,20,127,127,177,https://www.whatdotheyknow.com/alaveteli_pro/info_requests/foi_statistics_for_2017_133
East Riding of Yorkshire Council,Financial,994,-,-,-,951,908,20,18,-,-,1,95.67,91.35,2.01,1.81,1.81,1.81,0.1,66,88,612,590,179,https://www.whatdotheyknow.com/alaveteli_pro/info_requests/foi_statistics_for_2017_134
East Staffordshire Borough Council,Calendar,984,827,157,-,694,796,0,-,0,0,0,70.53,80.89,0,0,0,0,0,22,22,165,165,180,https://www.whatdotheyknow.com/alaveteli_pro/info_requests/foi_statistics_for_2017_135
East Sussex County Council,Calendar,1478,-,-,-,907,1425,11,-,1,-,-,61.37,96.41,0.74,0.74,0.07,0.07,0.07,181,181,664,664,181,https://www.whatdotheyknow.com/alaveteli_pro/info_requests/foi_statistics_for_2017_136
Eastleigh Borough Council,Calendar,627,-,-,-,569,358,0,0,0,0,0,90.75,57.1,0,0,0,0,0,29,29,252,252,183,https://www.whatdotheyknow.com/alaveteli_pro/info_requests/foi_statistics_for_2017_131
Eden District Council,Calendar,669,-,-,-,-,-,1,0,0,0,0,0,0,0.15,0,0,0,0,27,27,167,167,184,https://www.whatdotheyknow.com/alaveteli_pro/info_requests/foi_statistics_for_2017_137
Elmbridge Borough Council,Financial,700,691,9,-,-,673,1,0,1,1,0,0,96.14,0.14,0,0.14,0.14,0,19,29,241,232,600,https://www.whatdotheyknow.com/alaveteli_pro/info_requests/foi_statistics_for_2017_138
Epping Forest District Council,Calendar,858,-,-,-,-,348,7,5,1,0,0,0,40.56,0.82,0.58,0.12,0,0,32,32,163,163,186,https://www.whatdotheyknow.com/alaveteli_pro/info_requests/foi_statistics_for_2017_140
Erewash Borough Council,Financial,911,656,255,-,721,905,0,-,0,-,0,79.14,99.34,0,0,0,0,0,16,31,152,138,188,https://www.whatdotheyknow.com/alaveteli_pro/info_requests/foi_statistics_for_2017_142
Essex County Council,Calendar,2156,1527,629,-,-,-,-,-,3,-,0,0,0,0,0,0.14,0.14,0,152,152,1088,1088,189,https://www.whatdotheyknow.com/alaveteli_pro/info_requests/foi_statistics_for_2017_143
Exeter City Council,Calendar,719,-,-,-,-,-,-,6,3,0,0,0,0,0,0.83,0.42,0,0,50,50,262,262,190,https://www.whatdotheyknow.com/alaveteli_pro/info_requests/foi_statistics_for_2017_144
Fareham Borough Council,Financial,732,721,11,-,676,618,6,3,1,0,0,92.35,84.43,0.82,0.41,0.14,0,0,21,28,190,182,601,https://www.whatdotheyknow.com/alaveteli_pro/info_requests/foi_statistics_for_2017_145
Fenland District Council,Calendar,714,-,-,-,-,-,-,1,1,1,-,0,0,0,0.14,0.14,0.14,0.14,28,28,148,148,192,https://www.whatdotheyknow.com/alaveteli_pro/info_requests/foi_statistics_for_2017_146
Fermanagh and Omagh District Council,Calendar,436,-,-,-,415,420,1,0,0,0,0,95.18,96.33,0.23,0,0,0,0,10,10,21,21,54909,https://www.whatdotheyknow.com/alaveteli_pro/info_requests/foi_statistics_for_2017_147
Flintshire County Council,Calendar,1083,-,-,-,-,863,8,2,-,-,-,0,79.69,0.74,0.18,0.18,0.18,0.18,73,73,425,425,193,https://www.whatdotheyknow.com/alaveteli_pro/info_requests/foi_statistics_for_2017_148
Folkestone & Hythe District Council,Calendar,1244,-,-,-,877,1191,55,48,7,-,-,70.5,95.74,4.42,3.86,0.56,0.56,0.56,51,51,294,294,338,https://www.whatdotheyknow.com/alaveteli_pro/info_requests/foi_statistics_for_2017_26
Fylde Borough Council,Financial,679,-,-,-,674,665,1,1,1,-,0,99.26,97.94,0.15,0.15,0.15,0.15,0,19,30,176,165,194,https://www.whatdotheyknow.com/alaveteli_pro/info_requests/foi_statistics_for_2017_151
Gateshead Metropolitan Borough Council,Calendar,1341,-,-,-,-,1163,-,-,-,-,-,0,86.73,86.73,86.73,86.73,86.73,86.73,72,72,499,499,195,https://www.whatdotheyknow.com/alaveteli_pro/info_requests/foi_statistics_for_2017_152
Gedling Borough Council,Calendar,699,613,86,-,449,699,2,0,0,-,0,64.23,100,0.29,0,0,0,0,24,24,138,138,196,https://www.whatdotheyknow.com/alaveteli_pro/info_requests/foi_statistics_for_2017_153
Gloucester City Council,Calendar,5418,-,-,-,575,771,1,1,0,0,0,10.61,14.23,0.02,0.02,0,0,0,36,36,236,236,198,https://www.whatdotheyknow.com/alaveteli_pro/info_requests/foi_statistics_for_2017_154
Gloucestershire County Council,Calendar,1470,-,-,http://glostext.gloucestershire.gov.uk/documents/s44304/FOI%20Report.pdf,855,1288,16,-,1,-,2,58.16,87.62,1.09,1.09,0.07,0.07,0.14,103,103,645,645,199,https://www.whatdotheyknow.com/alaveteli_pro/info_requests/foi_statistics_for_2017_155
Greater London Authority,,-,-,-,https://www.london.gov.uk/about-us/governance-and-spending/sharing-our-information/freedom-information,-,-,-,-,-,-,-,0.14,0.14,0.14,0.14,0.14,0.14,0.14,,52,,336,606,https://www.whatdotheyknow.com/alaveteli_pro/info_requests/foi_statistics_for_2017_158
Greenwich Borough Council,Calendar,1796,1766,30,-,-,-,62,-,13,-,2,0.14,0.14,3.45,3.45,0.72,0.72,0.11,156,156,932,932,203,https://www.whatdotheyknow.com/alaveteli_pro/info_requests/foi_statistics_for_2017_160
Guildford Borough Council,Calendar,718,-,-,-,522,661,8,5,1,1,0,72.7,92.06,1.11,0.7,0.14,0.14,0,37,37,179,179,204,https://www.whatdotheyknow.com/alaveteli_pro/info_requests/foi_statistics_for_2017_161
Gwynedd Council,Calendar,1108,-,-,-,-,1019,16,-,2,2,1,0,91.97,1.44,1.44,0.18,0.18,0.09,68,68,451,451,205,https://www.whatdotheyknow.com/alaveteli_pro/info_requests/foi_statistics_for_2017_6
Halton Borough Council,Financial,1203,1195,8,-,1064,1023,15,2,1,-,0,88.45,85.04,1.25,0.17,0.08,0.08,0,91,124,560,527,607,https://www.whatdotheyknow.com/alaveteli_pro/info_requests/foi_statistics_for_2017_162
Hambleton District Council,Financial,716,-,-,-,396,683,9,8,4,-,0,55.31,95.39,1.26,1.12,0.56,0.56,0,18,25,164,157,207,https://www.whatdotheyknow.com/alaveteli_pro/info_requests/foi_statistics_for_2017_163
Hampshire County Council,Calendar,1539,1247,292,-,-,1292,21,6,3,-,9,0,83.95,1.36,0.39,0.19,0.19,0.58,124,124,764,764,209,https://www.whatdotheyknow.com/alaveteli_pro/info_requests/foi_statistics_for_2017_165
Harborough District Council,Financial,979,-,-,https://www.harborough.gov.uk/downloads/file/4313/foi_performance_2017-18,811,903,6,4,2,0,0,82.84,92.24,0.61,0.41,0.2,0,0,17,26,131,122,210,https://www.whatdotheyknow.com/alaveteli_pro/info_requests/foi_statistics_for_2017_166
Haringey Borough Council,,-,-,-,https://www.haringey.gov.uk/contact/information-requests/freedom-information-foi,-,-,-,-,-,-,-,0,0,0,0,0,0,0,,256,,1283,211,https://www.whatdotheyknow.com/alaveteli_pro/info_requests/foi_statistics_for_2017_167
Harlow District Council,Calendar,772,678,94,-,529,646,1,1,0,0,-,68.52,83.68,0.13,0.13,0,0,0,28,28,134,134,608,https://www.whatdotheyknow.com/alaveteli_pro/info_requests/foi_statistics_for_2017_168
Harrogate Borough Council,Financial,861,756,105,-,696,793,13,11,0,0,1,80.84,92.1,1.51,1.28,0,0,0.12,39,48,236,227,589,https://www.whatdotheyknow.com/alaveteli_pro/info_requests/foi_statistics_for_2017_169
Harrow Borough Council,Calendar,1550,-,-,-,-,1138,15,5,0,0,-,0.12,73.42,0.97,0.32,0,0,0,119,119,858,858,609,https://www.whatdotheyknow.com/alaveteli_pro/info_requests/foi_statistics_for_2017_25
Hastings Borough Council,Calendar,843,-,-,-,-,645,6,1,3,0,0,0,76.51,0.71,0.12,0.36,0,0,69,69,325,325,214,https://www.whatdotheyknow.com/alaveteli_pro/info_requests/foi_statistics_for_2017_172
Havant Borough Council,Calendar,631,-,-,-,-,601,1,1,0,0,0,0,95.25,0.16,0.16,0,0,0,17,17,141,141,610,https://www.whatdotheyknow.com/alaveteli_pro/info_requests/foi_statistics_for_2017_173
Havering Borough Council,Calendar,1627,-,-,-,704,1350,12,10,1,1,0,43.27,82.97,0.74,0.61,0.06,0.06,0,116,116,677,677,611,https://www.whatdotheyknow.com/alaveteli_pro/info_requests/foi_statistics_for_2017_174
Herefordshire Council,Financial,1226,1226,-,-,896,1190,21,14,1,1,0,73.08,97.06,1.71,1.14,0.08,0.08,0,64,90,605,579,612,https://www.whatdotheyknow.com/alaveteli_pro/info_requests/foi_statistics_for_2017_175
Hertfordshire County Council,Financial,1061,-,-,-,1021,963,5,1,1,1,0,96.23,90.76,0.47,0.09,0.09,0.09,0,92,123,828,796,215,https://www.whatdotheyknow.com/alaveteli_pro/info_requests/foi_statistics_for_2017_16
Hertsmere Borough Council,Calendar,727,-,-,-,-,485,1,0,1,0,0,0,66.71,0.14,0,0.14,0,0,30,30,143,143,216,https://www.whatdotheyknow.com/alaveteli_pro/info_requests/foi_statistics_for_2017_176
High Peak Borough Council,Calendar,648,548,100,-,618,639,0,0,0,0,0,95.37,98.61,0,0,0,0,0,22,22,140,140,217,https://www.whatdotheyknow.com/alaveteli_pro/info_requests/foi_statistics_for_2017_177
Hillingdon Borough Council,Financial,1679,-,-,-,1480,-,-,-,0,0,-,88.15,88.15,88.15,88.15,0,0,0,76,106,822,790,218,https://www.whatdotheyknow.com/alaveteli_pro/info_requests/foi_statistics_for_2017_178
Hinckley and Bosworth Borough Council,Financial,690,-,-,https://www.hinckley-bosworth.gov.uk/info/200308/information_requests_-_statistics,414,686,2,0,0,0,21,60,99.42,0.29,0,0,0,3.04,17,29,181,169,614,https://www.whatdotheyknow.com/alaveteli_pro/info_requests/foi_statistics_for_2017_7
Horsham District Council,Calendar,969,633,336,-,-,507,19,11,-,-,0,3.04,52.32,1.96,1.14,1.14,1.14,0,26,26,160,160,219,https://www.whatdotheyknow.com/alaveteli_pro/info_requests/foi_statistics_for_2017_179
Hull City Council,Calendar,1252,-,-,-,1014,1052,7,0,0,0,2,80.99,84.03,0.56,0,0,0,0.16,90,90,608,608,232,https://www.whatdotheyknow.com/alaveteli_pro/info_requests/foi_statistics_for_2017_181
Huntingdonshire District Council,Calendar,663,-,-,-,-,538,10,10,4,4,1,0.16,81.15,1.51,1.51,0.6,0.6,0.15,30,30,169,169,615,https://www.whatdotheyknow.com/alaveteli_pro/info_requests/foi_statistics_for_2017_182
Hyndburn Borough Council,Calendar,702,-,-,-,-,-,-,-,1,0,-,0.15,0.15,0.15,0.15,0.14,0,0,34,34,172,172,220,https://www.whatdotheyknow.com/alaveteli_pro/info_requests/foi_statistics_for_2017_183
Ipswich Borough Council,Financial,711,-,-,-,426,662,1,0,0,0,0,59.92,93.11,0.14,0,0,0,0,29,44,221,206,221,https://www.whatdotheyknow.com/alaveteli_pro/info_requests/foi_statistics_for_2017_184
Isle of Anglesey Council,Financial,919,-,-,https://www.whatdotheyknow.com/request/493538/response/1179871/attach/4/2017%202018%20Report.pdf?cookie_passthrough=1,881,715,5,4,3,0,-,95.87,77.8,0.54,0.44,0.33,0,0,32,45,382,369,222,https://www.whatdotheyknow.com/alaveteli_pro/info_requests/foi_statistics_for_2017_185
Isle of Wight Council,Calendar,1356,-,-,-,-,1233,25,-,1,0,-,0,90.93,1.84,1.84,0.07,0,0,69,69,588,588,223,https://www.whatdotheyknow.com/alaveteli_pro/info_requests/foi_statistics_for_2017_186
Islington Borough Council,Financial,1973,-,-,-,1354,1575,48,14,8,2,0,68.63,79.83,2.43,0.71,0.41,0.1,0,100,133,1223,1189,225,https://www.whatdotheyknow.com/alaveteli_pro/info_requests/foi_statistics_for_2017_187
Kent County Council,Calendar,2188,-,-,http://www.kent.gov.uk/__data/assets/pdf_file/0005/5288/Requests-for-information-yearly-comparison-statistics.pdf,-,1879,65,-,6,-,-,0,85.88,2.97,2.97,0.27,0.27,0.27,187,187,1430,1430,228,https://www.whatdotheyknow.com/alaveteli_pro/info_requests/foi_statistics_for_2017_188
Kettering Borough Council,Calendar,606,-,-,-,475,528,7,5,0,0,0,78.38,87.13,1.16,0.83,0,0,0,28,28,132,132,230,https://www.whatdotheyknow.com/alaveteli_pro/info_requests/foi_statistics_for_2017_189
King's Lynn and West Norfolk Borough Council,Financial,702,-,-,-,471,678,7,6,0,0,2,67.09,96.58,1,0.85,0,0,0.28,13,21,168,159,231,https://www.whatdotheyknow.com/alaveteli_pro/info_requests/foi_statistics_for_2017_190
Kirklees Borough Council,Financial,1513,-,-,-,1029,1451,29,-,5,-,1,68.01,95.9,1.92,1.92,0.33,0.33,0.07,80,110,679,649,234,https://www.whatdotheyknow.com/alaveteli_pro/info_requests/foi_statistics_for_2017_192
Lambeth Borough Council,Financial,2228,-,-,-,-,1967,94,7,25,-,20,0.07,88.29,4.22,0.31,1.12,1.12,0.9,190,270,1699,1616,236,https://www.whatdotheyknow.com/alaveteli_pro/info_requests/foi_statistics_for_2017_13
Lancashire County Council,Calendar,1826,-,-,-,883,1513,65,-,26,-,-,48.36,82.86,3.56,3.56,1.42,1.42,1.42,178,178,938,938,237,https://www.whatdotheyknow.com/alaveteli_pro/info_requests/foi_statistics_for_2017_194
Lancaster City Council,Calendar,694,-,-,-,347,618,10,8,1,1,4,50,89.05,1.44,1.15,0.14,0.14,0.58,33,33,197,197,238,https://www.whatdotheyknow.com/alaveteli_pro/info_requests/foi_statistics_for_2017_195
Leeds City Council,Financial,2010,1530,480,https://datamillnorth.org/dataset/foi-and-eir-statistics,1412,1872,-,-,-,-,-,70.25,93.13,93.13,93.13,93.13,93.13,93.13,142,209,1490,1421,239,https://www.whatdotheyknow.com/alaveteli_pro/info_requests/foi_statistics_for_2017_196
Leicester City Council,Calendar,1201,-,-,-,-,1164,27,23,2,2,0,93.13,96.92,2.25,1.92,0.17,0.17,0,102,102,762,762,240,https://www.whatdotheyknow.com/alaveteli_pro/info_requests/foi_statistics_for_2017_197
Leicestershire County Council,Financial,1011,-,-,-,847,900,8,1,1,0,0,83.78,89.02,0.79,0.1,0.1,0,0,70,98,628,599,241,https://www.whatdotheyknow.com/alaveteli_pro/info_requests/foi_statistics_for_2017_198
Lewisham Borough Council,Calendar,1483,-,-,-,706,878,38,22,-,-,2,47.61,59.2,2.56,1.48,1.48,1.48,0.13,135,135,844,844,243,https://www.whatdotheyknow.com/alaveteli_pro/info_requests/foi_statistics_for_2017_200
Lichfield District Council,Financial,636,-,-,-,632,588,0,0,0,0,0,99.37,92.45,0,0,0,0,0,16,22,170,164,244,https://www.whatdotheyknow.com/alaveteli_pro/info_requests/foi_statistics_for_2017_201
Lincoln City Council,Calendar,610,610,-,-,-,412,1,1,0,0,0,0,67.54,0.16,0.16,0,0,0,36,36,216,216,245,https://www.whatdotheyknow.com/alaveteli_pro/info_requests/foi_statistics_for_2017_202
Lisburn and Castlereagh District Council,Calendar,234,-,-,-,218,198,3,2,0,0,0,93.16,84.62,1.28,0.85,0,0,0,16,16,32,32,54910,https://www.whatdotheyknow.com/alaveteli_pro/info_requests/foi_statistics_for_2017_204
Liverpool City Council,Feb-Feb,2435,-,-,-,2027,2150,137,-,17,3,6,83.24,88.3,5.63,5.63,0.7,0.12,0.25,261,304,1832,1790,3,https://www.whatdotheyknow.com/alaveteli_pro/info_requests/foi_statistics_for_2017_205
London Borough of Barking and Dagenham Council,Financial,1574,-,-,-,968,1297,22,12,3,1,2,61.5,82.4,1.4,0.76,0.19,0.06,0.13,100,138,885,846,58,https://www.whatdotheyknow.com/alaveteli_pro/info_requests/foi_statistics_for_2017_38
Luton Borough Council,Financial,-,-,-,-,-,-,-,-,-,-,-,0.13,0.13,0.13,0.13,0.13,0.13,0.13,64,88,510,486,247,https://www.whatdotheyknow.com/alaveteli_pro/info_requests/foi_statistics_for_2017_206
Maldon District Council,Financial,633,-,-,-,-,-,-,0,1,0,-,0.13,0.13,0.13,0,0.16,0,0,16,26,132,123,251,https://www.whatdotheyknow.com/alaveteli_pro/info_requests/foi_statistics_for_2017_208
Malvern Hills District Council,Financial,428,-,-,-,-,412,0,0,0,0,0,0,96.26,0,0,0,0,0,16,22,148,141,252,https://www.whatdotheyknow.com/alaveteli_pro/info_requests/foi_statistics_for_2017_209
Manchester City Council,Calendar,2122,-,-,-,1518,303,68,-,6,5,-,71.54,14.28,3.2,3.2,0.28,0.24,0.24,219,219,1339,1339,253,https://www.whatdotheyknow.com/alaveteli_pro/info_requests/foi_statistics_for_2017_210
Mansfield District Council,Calendar,891,658,233,-,690,890,2,2,0,-,0,77.44,99.89,0.22,0.22,0,0,0,30,30,172,172,254,https://www.whatdotheyknow.com/alaveteli_pro/info_requests/foi_statistics_for_2017_211
Merton Borough Council,Financial,1795,-,-,-,-,-,36,18,4,-,0,0,0,2.01,1,0.22,0.22,0,84,109,718,691,259,https://www.whatdotheyknow.com/alaveteli_pro/info_requests/foi_statistics_for_2017_215
Mid and East Antrim District Council,Financial,535,-,-,-,302,-,6,-,1,-,2,56.45,56.45,1.12,1.12,0.19,0.19,0.37,14,17,25,22,54911,https://www.whatdotheyknow.com/alaveteli_pro/info_requests/foi_statistics_for_2017_216
Mid Devon District Council,Calendar,620,-,-,-,-,441,6,2,2,-,0,0.37,71.13,0.97,0.32,0.32,0.32,0,28,28,155,155,261,https://www.whatdotheyknow.com/alaveteli_pro/info_requests/foi_statistics_for_2017_217
Mid Suffolk District Council,Financial,632,-,-,-,609,541,3,2,1,1,-,96.36,85.6,0.47,0.32,0.16,0.16,0.16,15,28,137,124,262,https://www.whatdotheyknow.com/alaveteli_pro/info_requests/foi_statistics_for_2017_219
Mid Sussex District Council,Calendar,781,-,-,-,761,781,5,0,2,1,0,97.44,100,0.64,0,0.26,0.13,0,29,29,213,213,263,https://www.whatdotheyknow.com/alaveteli_pro/info_requests/foi_statistics_for_2017_220
Mid Ulster District Council,Financial,415,-,-,-,-,344,7,-,-,-,0,0,82.89,1.69,1.69,1.69,1.69,0,12,20,31,23,54912,https://www.whatdotheyknow.com/alaveteli_pro/info_requests/foi_statistics_for_2017_8
Middlesbrough Council,Calendar,1519,-,-,-,898,1462,10,-,2,-,3,59.12,96.25,0.66,0.66,0.13,0.13,0.2,81,81,513,513,264,https://www.whatdotheyknow.com/alaveteli_pro/info_requests/foi_statistics_for_2017_218
Milton Keynes Council,Financial,1310,-,-,-,996,-,15,-,6,6,0,76.03,76.03,1.15,1.15,0.46,0.46,0,61,77,629,614,266,https://www.whatdotheyknow.com/alaveteli_pro/info_requests/foi_statistics_for_2017_221
Neath Port Talbot County Borough Council,Calendar,988,-,-,-,800,687,1,0,1,-,0,80.97,69.53,0.1,0,0.1,0.1,0,54,54,332,332,621,https://www.whatdotheyknow.com/alaveteli_pro/info_requests/foi_statistics_for_2017_224
New Forest District Council,Calendar,712,-,-,-,493,674,4,0,1,0,0,69.24,94.66,0.56,0,0.14,0,0,25,25,117,117,270,https://www.whatdotheyknow.com/alaveteli_pro/info_requests/foi_statistics_for_2017_228
Newark and Sherwood District Council,Calendar,1587,699,888,-,1387,1587,2,2,2,0,0,87.4,100,0.13,0.13,0.13,0,0,24,24,155,155,271,https://www.whatdotheyknow.com/alaveteli_pro/info_requests/foi_statistics_for_2017_225
Newcastle under Lyme Borough Council,Calendar,737,-,-,-,734,586,3,2,0,0,0,99.59,79.51,0.41,0.27,0,0,0,22,22,158,158,622,https://www.whatdotheyknow.com/alaveteli_pro/info_requests/foi_statistics_for_2017_226
Newport City Council,Financial,1037,-,-,-,-,916,6,-,0,0,0,0,88.33,0.58,0.58,0,0,0,45,68,380,357,274,https://www.whatdotheyknow.com/alaveteli_pro/info_requests/foi_statistics_for_2017_230
"Newry, Mourne and Down District Council",Calendar,518,518,-,-,384,380,3,3,0,0,0,74.13,73.36,0.58,0.58,0,0,0,10,10,24,24,54913,https://www.whatdotheyknow.com/alaveteli_pro/info_requests/foi_statistics_for_2017_231
North Dorset District Council,Financial,623,-,-,-,397,381,9,3,3,-,-,63.72,61.16,1.44,0.48,0.48,0.48,0.48,16,25,127,118,279,https://www.whatdotheyknow.com/alaveteli_pro/info_requests/foi_statistics_for_2017_236
North East Derbyshire District Council,Financial,400,-,-,-,266,398,4,4,0,0,0,66.5,99.5,1,1,0,0,0,16,24,133,125,626,https://www.whatdotheyknow.com/alaveteli_pro/info_requests/foi_statistics_for_2017_237
North East Lincolnshire Council,Financial,925,-,-,https://www.nelincs.gov.uk/council-information-partnerships/information-governance/freedom-of-information/,689,904,-,-,0,0,0,74.49,97.73,97.73,97.73,0,0,0,65,85,894,874,627,https://www.whatdotheyknow.com/alaveteli_pro/info_requests/foi_statistics_for_2017_238
North Hertfordshire District Council,Calendar,651,-,-,-,-,-,-,-,3,-,1,0,0,0,0,0.46,0.46,0.15,23,23,119,119,628,https://www.whatdotheyknow.com/alaveteli_pro/info_requests/foi_statistics_for_2017_239
North Kesteven District Council,Calendar,625,-,-,-,607,620,0,0,0,0,0,97.12,99.2,0,0,0,0,0,26,26,137,137,280,https://www.whatdotheyknow.com/alaveteli_pro/info_requests/foi_statistics_for_2017_240
North Lincolnshire Council,Financial,1042,1013,29,-,-,877,35,8,4,0,0,0,84.17,3.36,0.77,0.38,0,0,55,73,477,459,282,https://www.whatdotheyknow.com/alaveteli_pro/info_requests/foi_statistics_for_2017_241
North Norfolk District Council,Financial,663,-,-,-,468,632,6,5,1,-,0,70.59,95.32,0.9,0.75,0.15,0.15,0,21,34,130,117,283,https://www.whatdotheyknow.com/alaveteli_pro/info_requests/foi_statistics_for_2017_242
North Somerset Council,Calendar,1076,-,-,-,756,1033,14,5,2,1,0,70.26,96,1.3,0.46,0.19,0.09,0,74,74,451,451,285,https://www.whatdotheyknow.com/alaveteli_pro/info_requests/foi_statistics_for_2017_243
North Tyneside Metropolitan Borough Council,,-,-,-,https://my.northtyneside.gov.uk/category/816/disclosure-log,-,-,-,-,-,-,-,0,0,0,0,0,0,0,,73,,532,286,https://www.whatdotheyknow.com/alaveteli_pro/info_requests/foi_statistics_for_2017_244
North Warwickshire Borough Council,Financial,735,-,-,-,729,707,1,0,1,0,0,99.18,96.19,0.14,0,0.14,0,0,30,40,149,139,287,https://www.whatdotheyknow.com/alaveteli_pro/info_requests/foi_statistics_for_2017_246
Mole Valley District Council,Financial,812,-,-,-,755,803,3,2,0,-,1,92.98,98.89,0.37,0.25,0,0,0.12,12,21,131,122,267,https://www.whatdotheyknow.com/alaveteli_pro/info_requests/foi_statistics_for_2017_222
North Yorkshire County Council,Financial,737,-,-,-,433,697,13,-,5,1,0,58.75,94.57,1.76,1.76,0.68,0.14,0,67,98,668,637,290,https://www.whatdotheyknow.com/alaveteli_pro/info_requests/foi_statistics_for_2017_248
Northamptonshire County Council,Financial,986,-,-,-,986,961,25,25,1,1,0,100,97.46,2.54,2.54,0.1,0.1,0,88,122,652,617,291,https://www.whatdotheyknow.com/request/foi_statistics_for_2017_234
Northumberland County Council,Calendar,1604,1316,288,-,1096,1166,23,-,-,-,-,68.33,72.69,1.43,1.43,1.43,1.43,1.43,141,141,729,729,292,https://www.whatdotheyknow.com/alaveteli_pro/info_requests/foi_statistics_for_2017_245
Norwich City Council,Calendar,959,-,-,-,935,563,-,-,-,-,2,97.5,58.71,58.71,58.71,58.71,58.71,0.21,42,42,271,271,293,https://www.whatdotheyknow.com/alaveteli_pro/info_requests/foi_statistics_for_2017_249
Nottingham City Council,Financial,1166,-,-,-,522,1128,33,-,2,1,13,44.77,96.74,2.83,2.83,0.17,0.09,1.11,100,159,1041,981,294,https://www.whatdotheyknow.com/alaveteli_pro/info_requests/foi_statistics_for_2017_19
Nottinghamshire County Council,Financial,1180,-,-,-,755,950,5,3,0,0,-,63.98,80.51,0.42,0.25,0,0,0,74,96,740,718,630,https://www.whatdotheyknow.com/alaveteli_pro/info_requests/foi_statistics_for_2017_250
Oadby and Wigston Borough Council,Calendar,619,619,-,-,-,569,1,1,0,-,0,0,91.92,0.16,0.16,0,0,0,30,30,116,116,631,https://www.whatdotheyknow.com/alaveteli_pro/info_requests/foi_statistics_for_2017_252
Oldham Metropolitan Borough Council,Calendar,1255,-,-,-,567,1051,14,10,2,2,13,45.18,83.75,1.12,0.8,0.16,0.16,1.04,132,132,780,780,295,https://www.whatdotheyknow.com/alaveteli_pro/info_requests/foi_statistics_for_2017_253
Oxford City Council,Financial,827,-,-,-,789,686,2,0,1,1,-,95.41,82.95,0.24,0,0.12,0.12,0.12,40,52,370,357,298,https://www.whatdotheyknow.com/alaveteli_pro/info_requests/foi_statistics_for_2017_254
Oxfordshire County Council,Financial,1649,-,-,-,942,1576,36,12,3,1,0,57.13,95.57,2.18,0.73,0.18,0.06,0,58,83,696,671,28,https://www.whatdotheyknow.com/alaveteli_pro/info_requests/foi_statistics_for_2017_9
Pembrokeshire Council,Calendar,983,-,-,-,-,823,8,7,1,1,-,0,83.72,0.81,0.71,0.1,0.1,0.1,55,55,357,357,299,https://www.whatdotheyknow.com/alaveteli_pro/info_requests/foi_statistics_for_2017_255
Peterborough City Council,Calendar,1442,-,-,-,1383,1347,5,4,0,-,0,95.91,93.41,0.35,0.28,0,0,0,80,80,524,524,303,https://www.whatdotheyknow.com/alaveteli_pro/info_requests/foi_statistics_for_2017_257
Poole Borough Council,Financial,1085,-,-,-,1050,967,8,4,1,1,0,96.77,89.12,0.74,0.37,0.09,0.09,0,52,69,439,421,305,https://www.whatdotheyknow.com/alaveteli_pro/info_requests/foi_statistics_for_2017_258
Portsmouth City Council,Calendar,1335,-,-,-,917,867,11,9,1,-,1,68.69,64.94,0.82,0.67,0.07,0.07,0.07,102,102,656,656,306,https://www.whatdotheyknow.com/alaveteli_pro/info_requests/foi_statistics_for_2017_259
Powys County Council,Calendar,1259,1181,78,-,800,1112,46,36,1,-,15,63.54,88.32,3.65,2.86,0.08,0.08,1.19,115,115,503,503,307,https://www.whatdotheyknow.com/alaveteli_pro/info_requests/foi_statistics_for_2017_260
Preston City Council,Calendar,631,-,-,-,470,565,5,5,3,1,1,74.48,89.54,0.79,0.79,0.48,0.16,0.16,37,37,302,302,308,https://www.whatdotheyknow.com/alaveteli_pro/info_requests/foi_statistics_for_2017_261
Purbeck District Council,Financial,625,-,-,-,335,623,5,-,0,0,0,53.6,99.68,0.8,0.8,0,0,0,16,26,126,116,309,https://www.whatdotheyknow.com/alaveteli_pro/info_requests/foi_statistics_for_2017_262
Reading Borough Council,Calendar,1330,-,-,-,1212,1065,10,3,0,0,0,91.13,80.08,0.75,0.23,0,0,0,109,109,579,579,310,https://www.whatdotheyknow.com/alaveteli_pro/info_requests/foi_statistics_for_2017_263
Redbridge Borough Council,Financial,1575,-,-,-,1302,1452,27,-,1,1,0,82.67,92.19,1.71,1.71,0.06,0.06,0,125,161,781,745,311,https://www.whatdotheyknow.com/alaveteli_pro/info_requests/foi_statistics_for_2017_23
Reigate and Banstead Borough Council,Calendar,745,-,-,http://www.reigate-banstead.gov.uk/downloads/file/4643/foi_disclosure_log_2017,551,696,1,1,0,0,0,73.96,93.42,0.13,0.13,0,0,0,25,25,137,137,314,https://www.whatdotheyknow.com/alaveteli_pro/info_requests/foi_statistics_for_2017_266
Ribble Valley Borough Council,Calendar,820,663,157,-,571,597,-,-,-,-,0,69.63,72.8,72.8,72.8,72.8,72.8,0,20,20,156,156,318,https://www.whatdotheyknow.com/alaveteli_pro/info_requests/foi_statistics_for_2017_268
Richmondshire District Council,Financial,718,-,-,-,-,640,0,0,0,0,0,0,89.14,0,0,0,0,0,11,18,163,156,320,https://www.whatdotheyknow.com/alaveteli_pro/info_requests/foi_statistics_for_2017_269
Rochdale Metropolitan Borough Council,Calendar,1338,-,-,-,915,1154,27,-,2,0,6,68.39,86.25,2.02,2.02,0.15,0,0.45,110,110,610,610,321,https://www.whatdotheyknow.com/alaveteli_pro/info_requests/foi_statistics_for_2017_270
Rochford District Council,Financial,695,-,-,-,605,625,2,2,0,0,0,87.05,89.93,0.29,0.29,0,0,0,19,31,127,115,633,https://www.whatdotheyknow.com/alaveteli_pro/info_requests/foi_statistics_for_2017_271
Rossendale Borough Council,Financial,1111,-,-,-,-,938,-,-,-,-,-,0,84.43,84.43,84.43,84.43,84.43,84.43,15,29,206,193,322,https://www.whatdotheyknow.com/alaveteli_pro/info_requests/foi_statistics_for_2017_272
Rother District Council,Calendar,491,-,-,-,446,487,8,7,2,-,0,90.84,99.19,1.63,1.43,0.41,0.41,0,17,17,157,157,323,https://www.whatdotheyknow.com/alaveteli_pro/info_requests/foi_statistics_for_2017_273
Rotherham Metropolitan Borough Council,Financial,1378,-,-,-,1127,1122,45,38,4,4,5,81.79,81.42,3.27,2.76,0.29,0.29,0.36,57,87,681,651,324,https://www.whatdotheyknow.com/alaveteli_pro/info_requests/foi_statistics_for_2017_274
Royal Borough of Kensington and Chelsea,Calendar,1998,-,-,-,1177,1601,-,-,-,-,-,58.91,80.13,80.13,80.13,80.13,80.13,80.13,166,166,791,791,227,https://www.whatdotheyknow.com/alaveteli_pro/info_requests/foi_statistics_for_2017_275
Royal Borough of Windsor and Maidenhead,Calendar,1540,-,-,-,-,-,45,-,-,-,1,80.13,80.13,2.92,2.92,2.92,2.92,0.06,76,76,520,520,438,https://www.whatdotheyknow.com/alaveteli_pro/info_requests/foi_statistics_for_2017_276
Rugby Borough Council,Calendar,938,714,224,-,850,930,3,3,1,1,0,90.62,99.15,0.32,0.32,0.11,0.11,0,24,24,127,127,325,https://www.whatdotheyknow.com/alaveteli_pro/info_requests/foi_statistics_for_2017_277
Runnymede Borough Council,Calendar,710,-,-,-,575,693,0,0,0,0,1,80.99,97.61,0,0,0,0,0.14,24,24,161,161,634,https://www.whatdotheyknow.com/alaveteli_pro/info_requests/foi_statistics_for_2017_278
Rushcliffe Borough Council,Calendar,769,-,-,-,-,-,0,0,0,0,0,0.14,0.14,0,0,0,0,0,29,29,131,131,326,https://www.whatdotheyknow.com/alaveteli_pro/info_requests/foi_statistics_for_2017_279
Rutland County Council,Financial,1459,-,-,-,1380,1459,12,6,1,1,0,94.59,100,0.82,0.41,0.07,0.07,0,43,59,344,328,328,https://www.whatdotheyknow.com/alaveteli_pro/info_requests/foi_statistics_for_2017_281
Ryedale District Council,Financial,621,-,-,-,602,572,4,4,2,2,0,96.94,92.11,0.64,0.64,0.32,0.32,0,11,21,153,143,329,https://www.whatdotheyknow.com/alaveteli_pro/info_requests/foi_statistics_for_2017_282
Salford City Council,Calendar,1049,1033,16,-,-,903,29,29,7,7,-,0,86.08,2.76,2.76,0.67,0.67,0.67,103,103,922,922,330,https://www.whatdotheyknow.com/alaveteli_pro/info_requests/foi_statistics_for_2017_283
Scarborough Borough Council,Financial,658,-,-,-,464,644,10,10,6,-,1,70.52,97.87,1.52,1.52,0.91,0.91,0.15,19,31,280,267,332,https://www.whatdotheyknow.com/alaveteli_pro/info_requests/foi_statistics_for_2017_285
Sedgemoor District Council,Calendar,549,-,-,-,-,-,-,-,-,-,1,0.15,0.15,0.15,0.15,0.15,0.15,0.18,24,24,147,147,334,https://www.whatdotheyknow.com/alaveteli_pro/info_requests/foi_statistics_for_2017_286
Sefton Borough Council,Financial,1097,-,-,-,414,996,6,1,-,-,1,37.74,90.79,0.55,0.09,0.09,0.09,0.09,75,108,741,708,637,https://www.whatdotheyknow.com/alaveteli_pro/info_requests/foi_statistics_for_2017_27
Sevenoaks District Council,Calendar,823,-,-,-,587,24,1,0,1,0,0,71.32,2.92,0.12,0,0.12,0,0,35,35,161,161,336,https://www.whatdotheyknow.com/alaveteli_pro/info_requests/foi_statistics_for_2017_288
Sheffield City Council,Financial,2078,-,-,https://data.sheffield.gov.uk/Governance/FOI-Compliance-Statistics-For-Sheffield-City-Counc/55sb-eagv,1146,2014,128,-,25,-,34,55.15,96.92,6.16,6.16,1.2,1.2,1.64,185,253,1060,987,337,https://www.whatdotheyknow.com/alaveteli_pro/info_requests/foi_statistics_for_2017_289
Shropshire Council,Calendar,1136,-,-,-,1005,805,29,6,4,-,1,88.47,70.86,2.55,0.53,0.35,0.35,0.09,90,90,601,601,341,https://www.whatdotheyknow.com/alaveteli_pro/info_requests/foi_statistics_for_2017_290
Slough Borough Council,Calendar,1470,-,-,-,1349,1262,29,8,0,0,23,91.77,85.85,1.97,0.54,0,0,1.56,132,132,562,562,342,https://www.whatdotheyknow.com/alaveteli_pro/info_requests/foi_statistics_for_2017_291
Solihull Metropolitan Borough Council,Calendar,1014,-,-,-,675,919,7,3,-,0,2,66.57,90.63,0.69,0.3,0.3,0,0.2,94,94,526,526,343,https://www.whatdotheyknow.com/alaveteli_pro/info_requests/foi_statistics_for_2017_292
Somerset County Council,Calendar,1249,-,-,-,743,840,13,9,1,1,1,59.49,67.25,1.04,0.72,0.08,0.08,0.08,105,105,620,620,344,https://www.whatdotheyknow.com/alaveteli_pro/info_requests/foi_statistics_for_2017_15
South Bucks District Council,Financial,660,-,-,-,430,636,-,-,-,-,-,65.15,96.36,96.36,96.36,96.36,96.36,96.36,15,21,141,135,347,https://www.whatdotheyknow.com/alaveteli_pro/info_requests/foi_statistics_for_2017_294
South Cambridgeshire District Council,Calendar,501,-,-,-,-,-,-,-,9,9,0,96.36,96.36,96.36,96.36,1.8,1.8,0,40,40,169,169,348,https://www.whatdotheyknow.com/alaveteli_pro/info_requests/foi_statistics_for_2017_295
South Derbyshire District Council,Financial,674,-,-,-,623,633,0,0,0,0,0,92.43,93.92,0,0,0,0,0,12,21,151,142,349,https://www.whatdotheyknow.com/alaveteli_pro/info_requests/foi_statistics_for_2017_296
South Gloucestershire Council,Financial,1154,-,-,-,775,1013,5,3,3,0,0,67.16,87.78,0.43,0.26,0.26,0,0,54,76,537,515,350,https://www.whatdotheyknow.com/alaveteli_pro/info_requests/foi_statistics_for_2017_298
South Hams District Council,Calendar,1183,-,-,-,-,-,-,-,-,-,-,0,0,0,0,0,0,0,17,17,162,162,351,https://www.whatdotheyknow.com/alaveteli_pro/info_requests/foi_statistics_for_2017_12
South Holland District Council,Financial,597,-,-,-,597,358,10,-,3,0,0,100,59.97,1.68,1.68,0.5,0,0,18,25,117,110,352,https://www.whatdotheyknow.com/alaveteli_pro/info_requests/foi_statistics_for_2017_299
South Lakeland District Council,Calendar,784,-,-,http://democracy.southlakeland.gov.uk/documents/g4258/Public%20reports%20pack%20Wednesday%2021-Mar-2018%2010.00%20Cabinet.pdf?T=10,437,737,7,-,0,0,0,55.74,94.01,0.89,0.89,0,0,0,36,36,177,177,353,https://www.whatdotheyknow.com/alaveteli_pro/info_requests/foi_statistics_for_2017_301
South Norfolk District Council,Calendar,532,-,-,-,-,527,1,1,0,0,1,0,99.06,0.19,0.19,0,0,0.19,26,26,211,211,355,https://www.whatdotheyknow.com/alaveteli_pro/info_requests/foi_statistics_for_2017_302
South Northamptonshire District Council,Calendar,520,-,-,-,-,-,-,-,-,-,0,0.19,0.19,0.19,0.19,0.19,0.19,0,24,24,138,138,356,https://www.whatdotheyknow.com/alaveteli_pro/info_requests/foi_statistics_for_2017_303
South Oxfordshire District Council,Calendar,882,-,-,-,839,853,4,1,0,-,-,95.12,96.71,0.45,0.11,0,0,0,23,23,153,153,357,https://www.whatdotheyknow.com/alaveteli_pro/info_requests/foi_statistics_for_2017_304
South Ribble Borough Council,Calendar,563,-,-,-,470,543,1,1,0,0,0,83.48,96.45,0.18,0.18,0,0,0,26,26,188,188,358,https://www.whatdotheyknow.com/alaveteli_pro/info_requests/foi_statistics_for_2017_305
South Somerset District Council,Calendar,808,-,-,-,-,-,4,3,1,-,0,0,0,0.5,0.37,0.12,0.12,0,19,19,168,168,360,https://www.whatdotheyknow.com/alaveteli_pro/info_requests/foi_statistics_for_2017_306
Southampton City Council,Financial,1383,-,-,-,944,1016,17,-,1,1,2,68.26,73.46,1.23,1.23,0.07,0.07,0.14,74,101,603,575,363,https://www.whatdotheyknow.com/alaveteli_pro/info_requests/foi_statistics_for_2017_293
Southwark Borough Council,Financial,2269,-,-,-,1267,1554,60,-,17,-,6,55.84,68.49,2.64,2.64,0.75,0.75,0.26,161,217,1263,1206,365,https://www.whatdotheyknow.com/alaveteli_pro/info_requests/foi_statistics_for_2017_309
Spelthorne Borough Council,July-July,731,-,-,-,405,624,9,-,1,0,7,55.4,85.36,1.23,1.23,0.14,0,0.96,9,27,171,154,366,https://www.whatdotheyknow.com/alaveteli_pro/info_requests/foi_statistics_for_2017_310
St Albans District Council,Financial,783,-,-,-,-,762,6,-,1,-,-,0.96,97.32,0.77,0.77,0.13,0.13,0.13,24,38,200,186,367,https://www.whatdotheyknow.com/alaveteli_pro/info_requests/foi_statistics_for_2017_314
St Helens Metropolitan Borough Council,Calendar,1760,-,-,-,1240,1189,5,2,0,0,-,70.45,67.56,0.28,0.11,0,0,0,91,91,536,536,369,https://www.whatdotheyknow.com/alaveteli_pro/info_requests/foi_statistics_for_2017_317
Stafford Borough Council,Calendar,605,-,-,-,-,-,-,-,1,0,0,0,0,0,0,0.17,0,0,26,26,138,138,370,https://www.whatdotheyknow.com/alaveteli_pro/info_requests/foi_statistics_for_2017_311
Staffordshire County Council,Calendar,4179,1382,2797,https://www.staffordshire.gov.uk/yourcouncil/requestandaccessinformation/Council-information/requeststatistics/FOIEIRStats.aspx,-,3893,-,-,-,-,1,0,93.16,93.16,93.16,93.16,93.16,0.02,99,99,702,702,371,https://www.whatdotheyknow.com/alaveteli_pro/info_requests/foi_statistics_for_2017_312
Staffordshire Moorlands District Council,Calendar,667,557,110,-,606,629,1,1,0,0,0,90.85,94.3,0.15,0.15,0,0,0,21,21,148,148,372,https://www.whatdotheyknow.com/alaveteli_pro/info_requests/foi_statistics_for_2017_313
Stockport Metropolitan Borough Council,Calendar,1347,1347,-,-,996,1036,26,7,1,-,-,73.94,76.91,1.93,0.52,0.07,0.07,0.07,106,106,1047,1047,375,https://www.whatdotheyknow.com/alaveteli_pro/info_requests/foi_statistics_for_2017_318
Stoke on Trent City Council,Financial,1283,-,-,-,813,-,21,-,0,0,0,63.37,63.37,1.64,1.64,0,0,0,67,100,834,800,377,https://www.whatdotheyknow.com/alaveteli_pro/info_requests/foi_statistics_for_2017_320
Stratford on Avon District Council,Calendar,763,-,-,-,707,663,5,5,2,2,5,92.66,86.89,0.66,0.66,0.26,0.26,0.66,25,25,157,157,379,https://www.whatdotheyknow.com/alaveteli_pro/info_requests/foi_statistics_for_2017_321
North West Leicestershire District Council,Calendar,328,326,2,-,320,321,3,3,0,0,0,97.56,97.87,0.91,0.91,0,0,0,25,25,127,127,288,https://www.whatdotheyknow.com/alaveteli_pro/info_requests/foi_statistics_for_2017_247
Suffolk Coastal District Council,Financial,676,-,-,-,-,665,-,5,4,0,-,0,98.37,98.37,0.74,0.59,0,0,12,18,139,132,381,https://www.whatdotheyknow.com/alaveteli_pro/info_requests/foi_statistics_for_2017_323
Suffolk County Council,Calendar,1443,1136,307,-,-,1336,30,11,4,4,5,0,92.58,2.08,0.76,0.28,0.28,0.35,99,99,601,601,382,https://www.whatdotheyknow.com/alaveteli_pro/info_requests/foi_statistics_for_2017_324
Sunderland City Council,Calendar,1414,-,-,-,-,1300,26,-,5,-,-,0.35,91.94,1.84,1.84,0.35,0.35,0.35,106,106,791,791,383,https://www.whatdotheyknow.com/alaveteli_pro/info_requests/foi_statistics_for_2017_325
Surrey County Council,Calendar,2134,-,-,-,1736,-,18,-,11,-,2,81.35,81.35,0.84,0.84,0.52,0.52,0.09,157,157,899,899,384,https://www.whatdotheyknow.com/alaveteli_pro/info_requests/foi_statistics_for_2017_326
Surrey Heath Borough Council,Calendar,1111,-,-,-,984,1057,20,9,3,-,0,88.57,95.14,1.8,0.81,0.27,0.27,0,22,22,128,128,385,https://www.whatdotheyknow.com/alaveteli_pro/info_requests/foi_statistics_for_2017_327
Sutton Borough Council,Financial,1635,-,-,-,1477,1453,17,0,1,1,0,90.34,88.87,1.04,0,0.06,0.06,0,75,105,670,640,386,https://www.whatdotheyknow.com/alaveteli_pro/info_requests/foi_statistics_for_2017_328
Swale Borough Council,Financial,866,807,59,-,844,807,4,4,1,1,0,97.46,93.19,0.46,0.46,0.12,0.12,0,23,36,214,202,387,https://www.whatdotheyknow.com/alaveteli_pro/info_requests/foi_statistics_for_2017_329
Swindon Borough Council,,1000,-,-,-,-,-,17,17,-,-,0,0,0,1.7,1.7,1.7,1.7,0,,73,,608,389,https://www.whatdotheyknow.com/alaveteli_pro/info_requests/foi_statistics_for_2017_330
Tameside Metropolitan Borough Council,Calendar,1267,1261,6,-,1185,960,9,0,0,0,0,93.53,75.77,0.71,0,0,0,0,156,156,665,665,641,https://www.whatdotheyknow.com/alaveteli_pro/info_requests/foi_statistics_for_2017_331
Tamworth Borough Council,Calendar,609,-,-,-,-,523,2,2,1,1,4,0,85.88,0.33,0.33,0.16,0.16,0.66,18,18,130,130,390,https://www.whatdotheyknow.com/alaveteli_pro/info_requests/foi_statistics_for_2017_332
Tandridge District Council,Financial,738,-,-,-,-,695,7,0,1,0,0,0.66,94.17,0.95,0,0.14,0,0,19,32,145,132,391,https://www.whatdotheyknow.com/alaveteli_pro/info_requests/foi_statistics_for_2017_333
Taunton Deane Borough Council,Financial,328,-,-,-,-,237,2,2,1,1,0,0,72.26,0.61,0.61,0.3,0.3,0,19,30,216,204,392,https://www.whatdotheyknow.com/alaveteli_pro/info_requests/foi_statistics_for_2017_334
Teignbridge District Council,Calendar,1432,-,-,-,1277,1348,9,-,1,-,-,89.18,94.13,0.63,0.63,0.07,0.07,0.07,27,27,146,146,394,https://www.whatdotheyknow.com/alaveteli_pro/info_requests/foi_statistics_for_2017_335
Tewkesbury Borough Council,Financial,333,-,-,-,314,309,4,2,0,0,8,94.29,92.79,1.2,0.6,0,0,2.4,9,18,126,117,398,https://www.whatdotheyknow.com/alaveteli_pro/info_requests/foi_statistics_for_2017_339
Thanet District Council,Calendar,1050,-,-,-,591,872,-,-,-,-,13,56.29,83.05,83.05,83.05,83.05,83.05,1.24,58,58,420,420,399,https://www.whatdotheyknow.com/alaveteli_pro/info_requests/foi_statistics_for_2017_340
Three Rivers District Council,Calendar,650,-,-,-,639,624,1,1,0,-,0,98.31,96,0.15,0.15,0,0,0,21,21,114,114,400,https://www.whatdotheyknow.com/alaveteli_pro/info_requests/foi_statistics_for_2017_341
Thurrock Borough Council,Financial,1056,-,-,-,667,1014,12,8,0,0,0,63.16,96.02,1.14,0.76,0,0,0,53,76,520,497,401,https://www.whatdotheyknow.com/alaveteli_pro/info_requests/foi_statistics_for_2017_342
Torbay Borough Council,Calendar,943,943,-,-,819,943,7,-,0,0,0,86.85,100,0.74,0.74,0,0,0,57,57,443,443,403,https://www.whatdotheyknow.com/alaveteli_pro/info_requests/foi_statistics_for_2017_344
Torridge District Council,Financial,633,-,-,-,-,623,-,-,-,-,-,0,98.42,98.42,98.42,98.42,98.42,98.42,17,29,149,137,642,https://www.whatdotheyknow.com/alaveteli_pro/info_requests/foi_statistics_for_2017_346
Trafford Metropolitan Borough Council,Financial,1412,-,-,-,-,1196,32,23,1,1,1,98.42,84.7,2.27,1.63,0.07,0.07,0.07,75,108,665,631,406,https://www.whatdotheyknow.com/alaveteli_pro/info_requests/foi_statistics_for_2017_348
Tunbridge Wells Borough Council,Financial,870,-,-,-,820,819,7,4,0,0,0,94.25,94.14,0.8,0.46,0,0,0,23,38,189,174,407,https://www.whatdotheyknow.com/alaveteli_pro/info_requests/foi_statistics_for_2017_349
Uttlesford District Council,Financial,482,-,-,-,-,461,-,-,-,-,-,0,95.64,95.64,95.64,95.64,95.64,95.64,21,32,141,130,409,https://www.whatdotheyknow.com/alaveteli_pro/info_requests/foi_statistics_for_2017_350
Vale of White Horse District Council,Calendar,1213,-,-,-,1172,1180,4,1,0,-,-,96.62,97.28,0.33,0.08,0,0,0,29,29,117,117,411,https://www.whatdotheyknow.com/alaveteli_pro/info_requests/foi_statistics_for_2017_304#incoming-1181475
Wakefield City Council,Calendar,1404,-,-,-,1177,1302,10,5,0,0,1,83.83,92.74,0.71,0.36,0,0,0.07,93,93,571,571,412,https://www.whatdotheyknow.com/alaveteli_pro/info_requests/foi_statistics_for_2017_353
Wandsworth Borough Council,Calendar,1876,-,-,-,978,1441,31,-,2,-,3,52.13,76.81,1.65,1.65,0.11,0.11,0.16,155,155,907,907,415,https://www.whatdotheyknow.com/alaveteli_pro/info_requests/foi_statistics_for_2017
Warrington Borough Council,Financial,1151,-,-,-,-,1025,-,-,-,-,-,0.16,89.05,89.05,89.05,89.05,89.05,89.05,64,106,555,512,416,https://www.whatdotheyknow.com/alaveteli_pro/info_requests/foi_statistics_for_2017_356
Warwickshire County Council,Calendar,1522,-,-,-,752,1385,48,-,4,1,1,49.41,91,3.15,3.15,0.26,0.07,0.07,107,107,566,566,417,https://www.whatdotheyknow.com/alaveteli_pro/info_requests/foi_statistics_for_2017_357
Watford Borough Council,Financial,685,-,-,-,630,560,0,0,0,0,0,91.97,81.75,0,0,0,0,0,20,32,239,227,418,https://www.whatdotheyknow.com/alaveteli_pro/info_requests/foi_statistics_for_2017_358
Waveney District Council,Calendar,681,-,-,-,-,-,3,1,0,-,-,0,0,0.44,0.15,0,0,0,17,17,130,130,419,https://www.whatdotheyknow.com/alaveteli_pro/info_requests/foi_statistics_for_2017_323
Waverley Borough Council,Financial,678,649,29,-,-,-,-,-,-,-,0,0,0,0,0,0,0,0,16,26,136,126,420,https://www.whatdotheyknow.com/alaveteli_pro/info_requests/foi_statistics_for_2017_360
Wealden District Council,Financial,877,-,-,-,504,804,4,4,3,3,1,57.47,91.68,0.46,0.46,0.34,0.34,0.11,19,26,148,140,421,https://www.whatdotheyknow.com/alaveteli_pro/info_requests/foi_statistics_for_2017_361
Wellingborough Borough Council,Financial,518,-,-,-,518,512,0,-,0,-,0,100,98.84,0,0,0,0,0,11,21,138,127,423,https://www.whatdotheyknow.com/alaveteli_pro/info_requests/foi_statistics_for_2017_362
Welwyn Hatfield Borough Council,Calendar,688,-,-,-,-,611,2,2,0,-,0,0,88.81,0.29,0.29,0,0,0,37,37,139,139,424,https://www.whatdotheyknow.com/alaveteli_pro/info_requests/foi_statistics_for_2017_363
West Devon Borough Council,Calendar,1183,-,-,-,962,-,-,-,-,-,-,81.32,81.32,81.32,81.32,81.32,81.32,81.32,11,11,145,145,426,https://www.whatdotheyknow.com/alaveteli_pro/info_requests/foi_statistics_for_2017_365
West Lancashire District Council,Calendar,725,-,-,-,-,696,9,8,1,1,5,81.32,96,1.24,1.1,0.14,0.14,0.69,23,23,200,200,429,https://www.whatdotheyknow.com/alaveteli_pro/info_requests/foi_statistics_for_2017_367
West Lindsey District Council,Calendar,534,534,-,-,439,429,2,1,0,0,0,82.21,80.34,0.37,0.19,0,0,0,19,19,168,168,645,https://www.whatdotheyknow.com/alaveteli_pro/info_requests/foi_statistics_for_2017_368
West Oxfordshire District Council,Financial,662,-,-,-,532,536,4,2,0,-,1,80.36,80.97,0.6,0.3,0,0,0.15,10,21,130,119,646,https://www.whatdotheyknow.com/alaveteli_pro/info_requests/foi_statistics_for_2017_370
West Somerset District Council,Financial,375,-,-,-,-,303,0,0,0,0,0,0.15,80.8,0,0,0,0,0,11,18,122,115,647,https://www.whatdotheyknow.com/alaveteli_pro/info_requests/foi_statistics_for_2017_371
West Sussex County Council,Financial,1132,-,-,-,-,967,34,20,4,4,-,0,85.42,3,1.77,0.35,0.35,0.35,180,249,1265,1194,431,https://www.whatdotheyknow.com/alaveteli_pro/info_requests/foi_statistics_for_2017_372
Wigan Metropolitan Borough Council,Calendar,1459,-,-,-,1029,1232,23,12,1,0,2,70.53,84.44,1.58,0.82,0.07,0,0.14,161,161,771,771,435,https://www.whatdotheyknow.com/alaveteli_pro/info_requests/foi_statistics_for_2017_374
Wiltshire Council,Calendar,1512,-,-,http://www.wiltshire.gov.uk/freedom-of-information,1216,1436,21,14,2,-,4,80.42,94.97,1.39,0.93,0.13,0.13,0.26,100,100,637,637,436,https://www.whatdotheyknow.com/alaveteli_pro/info_requests/foi_statistics_for_2017_375
Wirral Metropolitan Borough Council,Financial,1313,1284,29,-,-,1208,57,-,11,-,4,0.26,92,4.34,4.34,0.84,0.84,0.3,124,199,2297,2221,439,https://www.whatdotheyknow.com/alaveteli_pro/info_requests/foi_statistics_for_2017_377
Woking Borough Council,Calendar,699,-,-,-,648,600,4,0,2,0,0,92.7,85.84,0.57,0,0.29,0,0,33,33,220,220,440,https://www.whatdotheyknow.com/alaveteli_pro/info_requests/foi_statistics_for_2017_378
Wokingham Borough Council,Calendar,1199,-,-,-,838,400,5,-,-,-,24,69.89,33.36,0.42,0.42,0.42,0.42,2,65,65,394,394,441,https://www.whatdotheyknow.com/alaveteli_pro/info_requests/foi_statistics_for_2017_379
Wolverhampton City Council,Financial,1144,-,-,-,-,-,12,11,1,1,-,2,2,1.05,0.96,0.09,0.09,0.09,76,111,598,563,648,https://www.whatdotheyknow.com/alaveteli_pro/info_requests/foi_statistics_for_2017_380
Worcester City Council,Financial,665,-,-,-,-,598,5,5,4,2,1,0.09,89.92,0.75,0.75,0.6,0.3,0.15,24,35,254,241,649,https://www.whatdotheyknow.com/alaveteli_pro/info_requests/foi_statistics_for_2017_381
Worcestershire County Council,Financial,1401,-,-,-,929,816,30,8,1,0,0,66.31,58.24,2.14,0.57,0.07,0,0,76,106,642,612,442,https://www.whatdotheyknow.com/alaveteli_pro/info_requests/foi_statistics_for_2017_382
Wrexham County Borough Council,Financial,1008,-,-,-,689,960,18,6,2,0,0,68.35,95.24,1.79,0.6,0.2,0,0,62,85,538,514,444,https://www.whatdotheyknow.com/alaveteli_pro/info_requests/foi_statistics_for_2017_384
Wychavon District Council,Calendar,517,-,-,-,0,396,0,0,0,0,0,0,76.6,0,0,0,0,0,25,25,130,130,445,https://www.whatdotheyknow.com/alaveteli_pro/info_requests/foi_statistics_for_2017_385
Wycombe District Council,Calendar,721,-,-,-,-,639,8,6,1,0,78,0,88.63,1.11,0.83,0.14,0,10.82,30,30,155,155,446,https://www.whatdotheyknow.com/alaveteli_pro/info_requests/foi_statistics_for_2017_386
Wyre Borough Council,Financial,576,-,-,-,462,496,2,1,0,0,0,80.21,86.11,0.35,0.17,0,0,0,16,26,169,159,447,https://www.whatdotheyknow.com/alaveteli_pro/info_requests/foi_statistics_for_2017_387
Wyre Forest District Council,Calendar,515,-,-,-,487,457,1,1,0,0,0,94.56,88.74,0.19,0.19,0,0,0,21,21,129,129,448,https://www.whatdotheyknow.com/alaveteli_pro/info_requests/foi_statistics_for_2017_388
South Tyneside Metropolitan Borough Council,Calendar,1236,-,-,-,-,951,19,-,6,0,-,0,76.94,1.54,1.54,0.49,0,0,87,87,537,537,362,https://www.whatdotheyknow.com/alaveteli_pro/info_requests/foi_statistics_for_2017_308
Stroud District Council,Calendar,518,-,-,-,464,414,3,0,5,5,-,89.58,79.92,0.58,0,0.97,0.97,0.97,27,27,115,115,380,https://www.whatdotheyknow.com/alaveteli_pro/info_requests/foi_statistics_for_2017_322
Vale of Glamorgan Council,Calendar,955,-,-,-,-,939,17,-,-,0,0,0.97,98.32,1.78,1.78,1.78,0,0,67,67,359,359,410,https://www.whatdotheyknow.com/alaveteli_pro/info_requests/foi_statistics_for_2017_351
St Edmundsbury Borough Council,Financial,112,80.5,31.5,-,-,-,3,0,-,-,-,0,0,2.68,0,0,0,0,15,24,171,162,368,https://www.whatdotheyknow.com/request/foi_statistics_for_2017_315
Forest Heath District Council,Financial,112,80.5,31.5,-,-,-,3,0,-,-,-,0,0,2.68,0,0,0,0,16,25,132,123,604,https://www.whatdotheyknow.com/request/foi_statistics_for_2017_149
City of York Council,Financial,1290,-,-,https://data.yorkopendata.org/dataset/kpi-foi01-05,893,1111,69,39,17,-,10,69.22,86.12,5.35,3.02,1.32,1.32,0.78,88,127,915,876,129,https://www.whatdotheyknow.com/request/foi_statistics_for_2017_98
Monmouthshire Council,Financial,1005,-,-,-,-,824,2,0,0,0,0,0.78,81.99,0.2,0,0,0,0,47,66,334,315,268,https://www.whatdotheyknow.com/request/foi_statistics_for_2017_223
Plymouth City Council,Financial,1182,-,-,-,1021,963,5,1,1,0,0,86.38,81.47,0.42,0.08,0.08,0,0,80,120,672,632,304,https://www.whatdotheyknow.com/request/foi_statistics_for_2017_17
Bridgend County Borough Council,Calendar,1068,-,-,-,-,950,16,1,2,0,0,0,88.95,1.5,0.09,0.19,0,0,62,62,363,363,87,https://www.whatdotheyknow.com/request/foi_statistics_for_2017_62
Gravesham Borough Council,Financial,642,-,-,-,-,528,3,-,-,-,-,0,82.24,0.47,0.47,0.47,0.47,0.47,19,29,195,186,201,https://www.whatdotheyknow.com/request/foi_statistics_for_2017_157#incoming-1212941
North Devon Council,Financial,741,449,292,-,430,740,3,-,-,-,0,58.03,99.87,0.4,0.4,0.4,0.4,0,21,32,151,140,278,https://www.whatdotheyknow.com/request/foi_statistics_for_2017_235
Dorset County Council,Calendar,892,793,99,-,520,824,14,-,1,1,0,58.3,92.38,1.57,1.57,0.11,0.11,0,99,99,586,586,159,https://www.whatdotheyknow.com/request/foi_statistics_for_2017_121
Melton Borough Council,Financial,833,-,-,-,833,824,-,-,-,-,-,100,98.92,98.92,98.92,98.92,98.92,98.92,17,28,118,107,256,https://www.whatdotheyknow.com/request/foi_statistics_for_2017_14
Torfaen Council,Calendar,943,943,-,-,819,943,7,-,0,-,0,86.85,100,0.74,0.74,0,0,0,53,53,340,340,404,https://www.whatdotheyknow.com/request/foi_statistics_for_2017_345
Durham County Council,Financial,1168,-,-,-,880,820,45,-,5,2,0,75.34,70.21,3.85,3.85,0.43,0.17,0,97,138,902,859,165,https://www.whatdotheyknow.com/request/foi_statistics_for_2017_123
Southend on Sea Borough Council,Financial,1238,-,-,-,-,895,21,-,3,-,0,0,72.29,1.7,1.7,0.24,0.24,0,64,94,479,450,364,https://www.whatdotheyknow.com/request/foi_statistics_for_2017_297
Lincolnshire County Council,Calendar,1472,-,-,-,-,1400,-,-,1,0,0,0,95.11,95.11,95.11,0.07,0,0,98,98,672,672,246,https://www.whatdotheyknow.com/request/foi_statistics_for_2017_203
Kingston upon Thames Borough Council,Financial,1537,-,-,-,-,-,-,-,-,-,-,0,0,0,0,0,0,0,87,124,743,704,233,https://www.whatdotheyknow.com/request/foi_statistics_for_2017_191
Great Yarmouth Borough Council,Calendar,905,-,-,-,-,795,18,18,1,1,1,0,87.85,1.99,1.99,0.11,0.11,0.11,27,27,147,147,202,https://www.whatdotheyknow.com/request/foi_statistics_for_2017_159
Hammersmith and Fulham Borough Council,Calendar,1814,-,-,-,1104,1633,24,5,3,2,0,60.86,90.02,1.32,0.28,0.17,0.11,0,115,115,821,821,208,https://www.whatdotheyknow.com/request/foi_statistics_for_2017_164
Enfield Council,Financial,1318,-,-,-,1210,867,-,-,8,7,1,91.81,65.78,65.78,65.78,0.61,0.53,0.08,98,139,882,839,1604,https://www.whatdotheyknow.com/request/foi_statistics_for_2017_139
Blackpool Borough Council,Calendar,1149,-,-,-,-,896,8,3,0,0,0,0.08,77.98,0.7,0.26,0,0,0,84,84,648,648,74,https://www.whatdotheyknow.com/request/foi_statistics_for_2017_51
"Armagh, Banbridge and Craigavon District Council",Calendar,556,-,-,-,298,381,19,8,6,0,7,53.6,68.53,3.42,1.44,1.08,0,1.26,15,15,29,29,54906,https://www.whatdotheyknow.com/request/foi_statistics_for_2017_32
Aylesbury Vale District Council,Calendar,769,-,-,-,494,613,7,2,0,-,2,64.24,79.71,0.91,0.26,0,0,0.26,34,34,232,232,53,https://www.whatdotheyknow.com/request/foi_statistics_for_2017_36
Lewes District Council,Financial,690,-,-,-,424,649,2,2,0,0,0,61.45,94.06,0.29,0.29,0,0,0,14,19,140,135,242,https://www.whatdotheyknow.com/alaveteli_pro/info_requests/foi_administration_info_217#incoming-1239959
Northampton Borough Council,Calendar,739,-,-,-,-,-,12,11,3,2,-,0,0,1.62,1.49,0.41,0.27,0.27,43,43,224,224,629,https://www.whatdotheyknow.com/alaveteli_pro/info_requests/foi_administration_info_253#incoming-1192480
Redditch Borough Council,Financial,606,-,-,-,-,567,8,-,2,1,-,0.27,93.56,1.32,1.32,0.33,0.17,0.17,20,31,148,136,313,https://www.whatdotheyknow.com/alaveteli_pro/info_requests/foi_administration_info_289#incoming-1191008
Rushmoor Borough Council,Calendar,658,-,-,-,597,468,1,1,0,-,0,90.73,71.12,0.15,0.15,0,0,0,19,19,137,137,327,https://www.whatdotheyknow.com/alaveteli_pro/info_requests/foi_administration_info_305#incoming-1183956
Swansea Council,Financial,1300,-,-,-,892,989,23,10,2,0,-,68.62,76.08,1.77,0.77,0.15,0,0,70,92,502,480,388,https://www.whatdotheyknow.com/request/foi_statistics_for_2017_22
Hartlepool Council,Calendar,1119,-,-,-,770,718,-,-,0,0,-,68.81,64.16,64.16,64.16,0,0,0,76,76,475,475,213,https://www.whatdotheyknow.com/request/foi_statistics_for_2017_171
South Kesteven District Council,Calendar,672,-,-,-,565,-,-,-,-,-,-,84.08,84.08,84.08,84.08,84.08,84.08,84.08,33,33,139,139,638,https://www.whatdotheyknow.com/alaveteli_pro/info_requests/foi_administration_info_327#incoming-1194923
South Staffordshire District Council,Calendar,634,-,-,-,634,498,0,0,0,0,0,100,78.55,0,0,0,0,0,21,21,171,171,361,https://www.whatdotheyknow.com/alaveteli_pro/info_requests/foi_administration_info_335#incoming-1191124
Stevenage Borough Council,Calendar,582,-,-,-,555,-,6,4,2,0,0,95.36,95.36,1.03,0.69,0.34,0,0,27,27,170,170,373,https://www.whatdotheyknow.com/alaveteli_pro/info_requests/foi_administration_info_344#incoming-1190149
Stockton on Tees Council,Financial,939,-,-,-,-,816,5,4,5,0,0,0,86.9,0.53,0.43,0.53,0,0,70,112,597,555,376,https://www.whatdotheyknow.com/alaveteli_pro/info_requests/foi_administration_info_348#incoming-1187521
Merthyr Tydfil Council,Calendar,862,-,-,-,-,835,-,-,1,-,1,0,96.87,96.87,96.87,0.12,0.12,0.12,47,47,315,315,258,https://www.whatdotheyknow.com/alaveteli_pro/info_requests/foi_administration_info_232#incoming-1193999
Mendip District Council,Calendar,662,-,-,-,534,561,-,-,-,-,0,80.66,84.74,84.74,84.74,84.74,84.74,0,27,27,141,141,257,https://www.whatdotheyknow.com/alaveteli_pro/info_requests/foi_administration_info_231#incoming-1195334
